user_id,First_Name,Last_Name,Phone_Number,Email,Password,Address
1,Pasindu,Sahan,0774515356,pasindusahan001@gmail.com,1234," 437/2 Palanwaththa, Pannipitiya"
12,Pasindu,Sahan,0112846301,pasindusahan10@gmail.com,123,NULL
13,Pasindu,Sahan,077451584,pasindusahan11@gmail.com,123,NULL
17,Pasindu_s,Sahan_s,123456789,pasindusahan12@gmail.com,123,NULL
18,Pasindu,Sahan,0774615356,pasindusahan13@gmail.com,123,NULL
2,Pasindu,Sahan_02,0774555556,pasindusahan2@gmail.com,123456,NULL
5,Pasindu,Sahan,0774555558,pasindusahan4@gmail.com,123456,NULL
6,Pasindu,Rathnayaka,0774555560,pasindusahan5@gmail.com,123,"437/2  බයවුන පාර, ඇද යට"
7,Pasindu,Rathnayaka,0774555561,pasindusahan6@gmail.com,1234,NULL
8,Pasindu,Sahan_03,0774555567,pasindusahan7@gmail.com,1234,NULL
9,Pasindu,Sahan_04,0774555568,pasindusahan8@gmail.com,1234,NULL
11,Pasindu,Sahan,0774555517,pasindusahan9@gmail.com,123,NULL
19,shamika,konara,0778319011,shamika@gmail.com,123,NULL
20,shamika,konara,0778216673,shamikaaq@gmail.com,123,NULL
